<?xml version = "1.0"?><ModelDescriptionList><ModelDescription id="1"><Model description="modeldes" name="model1" type="modeltype" /><Inputs><Port><PortName> tip1tip2 </PortName><Type> tipp1 </Type><Description>inputportdescription  </Description></Port></Inputs><Outputs><Port><PortName> top1, top2 </PortName><Type> topp1, topp2 </Type><Description> outputportdescription </Description></Port></Outputs><Files><File location="filelocation" name="fileName" type="filetype" /></Files></ModelDescription><ModelDescription id="2"><Model description="modeldes2" name="model2" type="modeltype2" /><Inputs><Port><PortName> tip1 </PortName><Type> tipp1, tipp2 </Type><Description>inputport, description  </Description></Port></Inputs><Outputs><Port><PortName> top1, top2 </PortName><Type> topp1, topp2 </Type><Description> outputportdescription </Description></Port></Outputs><Files><File location="filelocation2" name="fileName2" type="filetype2" /></Files></ModelDescription></ModelDescriptionList>